band,total_return,cagr,volatility,sharpe,sortino,max_drawdown,calmar,win_rate,days,time_in_market,average_position,turnover_total,turnover_annual,n_position_changes,total_cost
0.0,122.51626798504677,0.539908517407625,0.5245012389933679,1.0882230794942884,1.4597336131341023,-0.7221635183411406,0.7476264082791556,0.5239498894620487,4072,0.9997544204322201,0.8757705819254135,96.96719900445655,8.691804429426975,2145,0.24241799751114138
0.01,123.0452886228314,0.540498559879024,0.5242323642995589,1.0892443308253037,1.4610269357388042,-0.7223426352446233,0.7482578675367579,0.5239498894620487,4072,0.9997544204322201,0.8750928437244601,95.65897464414354,8.574539721294792,1882,0.23914743661035887
0.02,121.76564344398761,0.5390673489915319,0.5230756229521702,1.088724315667977,1.4593928827192164,-0.7218185711142705,0.746818342674911,0.5239498894620487,4072,0.9997544204322201,0.8729289408622015,91.41670766417947,8.194277577953219,1532,0.22854176916044866
0.03,124.3248447341333,0.5419162942317184,0.5214471598656971,1.0940203165566902,1.4662742009956264,-0.7218598398047271,0.7507223208016588,0.5241955293539671,4072,0.9997544204322201,0.8690019608864067,87.83398978950751,7.873135135847309,1214,0.2195849744737688
0.04,125.42348743748313,0.54312310289228,0.5201578187375551,1.0969164006494567,1.4706499444397383,-0.7190310323645648,0.755354189799286,0.524686809137804,4072,0.9997544204322201,0.8668323484425274,84.30818801275582,7.557094455956747,1023,0.2107704700318896
0.05,127.34868077477344,0.5452150008783172,0.5183104015607034,1.101630915863567,1.475932380483046,-0.7154474455862987,0.762061566145535,0.5244411692458856,4072,0.9997544204322201,0.8648993757126826,78.69321839739241,7.053787994854674,828,0.19673304599348107
0.06,131.15201731280183,0.5492650403755792,0.51445492258406,1.110615339676817,1.496311773813166,-0.715255435544248,0.7679285092851279,0.5249324490297225,4072,0.9997544204322201,0.8626991733946932,71.56347136089308,6.414702123459227,663,0.17890867840223268
0.07,119.1036445757248,0.5360460149416284,0.5101245533486629,1.0989383767977474,1.4735413722317274,-0.7197152922525063,0.744802869567986,0.5244411692458856,4072,0.9997544204322201,0.8495681729395934,67.32005866721352,6.034337282301801,567,0.1683001466680338
0.08,113.95188562495252,0.5300215168992297,0.5093179902243493,1.0921798183332996,1.463877498804338,-0.7090869207598106,0.747470445980436,0.524686809137804,4072,0.9997544204322201,0.8498811633135862,64.1244072420053,5.747890138342814,493,0.16031101810501325
0.09,121.2460345711136,0.5384823156938892,0.5093925565966376,1.103402834014226,1.4738492600582418,-0.7138786333921228,0.7543051304606129,0.5251780889216409,4072,0.9997544204322201,0.8491713395580428,60.598912570510166,5.431876986305553,426,0.15149728142627542
0.1,123.31781132668168,0.5408016242588105,0.5110548895181369,1.1043500790923473,1.476817428425048,-0.7109172236384746,0.760709694851656,0.524686809137804,4072,0.9997544204322201,0.8522835462083559,59.97725729889379,5.3761539572927886,390,0.14994314324723448
0.11,105.63373558805019,0.5197545842815043,0.5067910055895702,1.082281288058809,1.441023430627089,-0.7147324886078084,0.7272015650133776,0.524686809137804,4072,0.9997544204322201,0.8420582606539467,56.011456913112696,5.02067332349856,346,0.14002864228278172
0.12,121.86824496528858,0.539182602596534,0.4999750644011059,1.1155425295020764,1.4892183592855814,-0.6927888977565559,0.7782783533953244,0.5249324490297225,4072,0.9997544204322201,0.8277516918594371,50.51273657894679,4.52778704600088,292,0.12628184144736698
0.13,114.54978382333435,0.5307331690299297,0.5024850357422251,1.1015484213004096,1.4667334382928408,-0.7028401453926694,0.755126428831715,0.5254237288135594,4072,0.9997544204322201,0.8297437094760074,49.149646527679565,4.405604367043969,267,0.12287411631919891
0.14,131.01804982077255,0.5491241968369396,0.5015172985966511,1.1251283150484728,1.5270829506962988,-0.7099812996825681,0.7734347328337415,0.5251780889216409,4072,0.9997544204322201,0.832443606502694,48.02378338592848,4.304685887982293,248,0.12005945846482119
0.15,132.3018427631284,0.5504685651463437,0.5005266017226947,1.1280089586002233,1.5355339559778716,-0.6990099497051857,0.7874974674945746,0.5254237288135594,4072,0.9997544204322201,0.8295917955355022,44.5450531074586,3.992864534435754,218,0.1113626327686465
0.16,104.41327466415741,0.5181872521665609,0.49815437750015346,1.0905240878519624,1.4481006099783196,-0.6810112635330767,0.7609084899392308,0.5249324490297225,4072,0.9997544204322201,0.8246007190732896,38.459389109811426,3.4473666564541188,181,0.09614847277452856
0.17,109.19901119505805,0.5242413793300216,0.48743779756007405,1.1102275473534775,1.4949360966081888,-0.6831491405073369,0.7673893565037594,0.5251780889216409,4072,0.9997544204322201,0.8043948754510577,37.77167761990739,3.3857225764406187,170,0.0944291940497685
0.18,113.29815498062014,0.5292395430604138,0.48900869119761103,1.1149484446862725,1.4992196978083936,-0.6927865211146542,0.7639287528413476,0.524686809137804,4072,0.9997544204322201,0.8061050461861635,35.6042233143062,3.191439467024009,154,0.08901055828576551
0.19,115.987841589313,0.532431193663494,0.4937120327522398,1.1132240475975481,1.495898810087041,-0.6884807000070918,0.7733422210063544,0.5249324490297225,4072,0.9997544204322201,0.8102789058711811,34.5977412263675,3.101221892835005,142,0.08649435306591875
0.2,144.28461561654078,0.5624779279487668,0.49792411968267025,1.1469565236131547,1.5468572391426552,-0.6931728379647448,0.8114540806305726,0.5249324490297225,4072,0.9997544204322201,0.8171371848370286,33.884061885470615,3.03725014444911,132,0.08471015471367654
0.21,171.84005034595745,0.5869918825818363,0.4977948480662293,1.178336664864135,1.6024289512235266,-0.7075601183958404,0.8296000118161649,0.5254237288135594,4072,0.9997544204322201,0.8227338683041933,30.987531208824468,2.777615150103372,117,0.07746882802206118
0.22,140.84255091866436,0.5591234270077237,0.49150508994226694,1.1510929608251448,1.5530851141253126,-0.6995577442612589,0.7992527158686014,0.5254237288135594,4072,0.9997544204322201,0.7993662175495967,29.0508856308189,2.6040209369471756,108,0.07262721407704725
0.23,132.04786605763553,0.5502035426580276,0.4906633148227146,1.1404864319627357,1.5426468477791517,-0.676947867274138,0.8127709226317958,0.5254237288135594,4072,0.9997544204322201,0.8012830741669863,25.77374063098076,2.3102689907436096,93,0.0644343515774519
0.24,128.25046265263484,0.5461850621254756,0.49017533748082853,1.1359328055909188,1.5369473602627002,-0.6831394156507863,0.7995221028275137,0.5251780889216409,4072,0.9997544204322201,0.8054607151707894,24.4060421179489,2.187673225209074,85,0.06101510529487225
0.25,138.34227434551065,0.5566399674467128,0.49101464385100757,1.1492053644788698,1.5427213344548363,-0.6925601764433207,0.8037423842435856,0.5251780889216409,4072,0.9997544204322201,0.8032170507468301,23.77067298442859,2.130720933034488,79,0.05942668246107149
0.26,116.57948916484229,0.533124285450012,0.4752334962220351,1.1391335757669907,1.5184130444185961,-0.6854256892985557,0.7778002689038334,0.5254237288135594,4072,0.9997544204322201,0.7588593363016038,19.831118198365353,1.777592864047975,64,0.049577795495913395
0.27,105.4324094083329,0.5194971669977737,0.4632264476067522,1.1374416923854507,1.5021137849537491,-0.6553114261101634,0.7927485258138043,0.5256693687054778,4072,0.9997544204322201,0.7407510307861076,17.949802472679398,1.608958227536341,56,0.0448745061816985
0.28,119.85074875591575,0.5369000736670027,0.4618117757268544,1.163692013156736,1.5533885298445285,-0.6569953748423826,0.8172052562711092,0.5256693687054778,4072,0.9997544204322201,0.7463820754986589,14.130240219506819,1.266585874292728,43,0.035325600548767044
0.29,105.95471050971669,0.5201640718554512,0.47364452005483415,1.123245384887132,1.491855065716929,-0.6824063055925051,0.7622498027825436,0.5256693687054778,4072,0.9997544204322201,0.760729981024842,16.854807317333822,1.5108066480419562,49,0.042137018293334556
0.3,79.00488856205749,0.48111501522905,0.4758425068202991,1.0661560130487036,1.3947946071677229,-0.6824063055925049,0.70502721221387,0.5256693687054778,4072,0.9997544204322201,0.7502407727042384,12.757932287425763,1.143576936372889,36,0.03189483071856441
0.31,88.18425696125173,0.49560562705076383,0.4807030306628691,1.080452224984231,1.418438990305963,-0.6824063055925049,0.726261792995084,0.5256693687054778,4072,0.9997544204322201,0.7612773686480923,13.622026804871812,1.2210313810850224,38,0.034055067012179537
0.32,99.72699003469067,0.5120114089550796,0.4835183463230116,1.099467056064425,1.447975981303523,-0.6887186509471768,0.7434260829889298,0.5256693687054778,4072,0.9997544204322201,0.7650227375188468,12.509562743387622,1.1213139492476627,34,0.03127390685846906
0.33,126.72577666279918,0.544541303110488,0.4865008983813589,1.1391048223073215,1.5133366904216652,-0.6881257410888169,0.7913398243885832,0.5256693687054778,4072,0.9997544204322201,0.7691448847726153,13.537495754291932,1.2134543099991542,36,0.033843739385729835
0.34,147.56388743786144,0.565607143431196,0.489782886171272,1.1622689288940127,1.5535765686379526,-0.6893235204180828,0.820524944641594,0.5256693687054778,4072,0.9997544204322201,0.7737903019189776,13.066110610863753,1.1712009756790938,34,0.032665276527159386
0.35,131.8757130058027,0.5500236404250487,0.5012314773783805,1.1277356159348604,1.496519855075705,-0.7039073864698926,0.7813863741129732,0.5256693687054778,4072,0.9997544204322201,0.794349486293239,14.25180493691714,1.2774825152197338,36,0.03562951234229285
0.36,108.00803487993831,0.5227574601851463,0.5123282224170269,1.0801740849491444,1.4210618293055877,-0.7277283241040138,0.718341505848038,0.5254237288135594,4072,0.9997544204322201,0.8149692952994316,18.93216240236832,1.6970135748684767,47,0.047330406005920804
0.37,131.84197565977078,0.5499883595846256,0.4863343875709021,1.1460718044036988,1.534926423839777,-0.7138649822805967,0.7704375102243681,0.5254237288135594,4072,0.9997544204322201,0.7867257382533226,11.412998082041426,1.0230216846623577,27,0.028532495205103564
0.38,115.52645459667491,0.5318884789475762,0.4903882251269838,1.1169040242654675,1.48575022045055,-0.7244993666861472,0.7341462303554919,0.5254237288135594,4072,0.9997544204322201,0.7909979546734928,11.517143156096308,1.0323568889919335,27,0.02879285789024077
0.39,110.2562569864293,0.5255464918320065,0.49134953839285256,1.1071997379724001,1.469839453386308,-0.7476390719389479,0.7029414480292472,0.5251780889216409,4072,0.9997544204322201,0.7895666083257638,11.593595224967729,1.0392097880926379,27,0.028983988062419322
0.4,125.29690018305588,0.542984540330921,0.5097670306771986,1.10792174496361,1.4747065157143093,-0.7503429882022473,0.7236484499333591,0.5254237288135594,4072,0.9997544204322201,0.8236145784521776,11.997332661232544,1.0753994158521314,27,0.029993331653081358
0.41,94.88481899503483,0.5053490207321776,0.43120025829316766,1.1661145299215852,1.5226695228951765,-0.6414644313554481,0.7878052095021832,0.5256693687054778,4072,0.9997544204322201,0.6490837018592424,6.5871928265646895,0.5904531880393202,14,0.016467982066411726
0.42,88.85092599849862,0.4966043638585689,0.43942106457986907,1.1389350461715027,1.480783834466443,-0.6901242133916947,0.7195869297469649,0.5254237288135594,4072,0.9997544204322201,0.6474160184084907,5.603672290761834,0.5022938079882292,12,0.014009180726904586
0.43,109.77483291038763,0.5249536063330011,0.4397318134022492,1.1812311514554903,1.5559377502980354,-0.6414644313554483,0.8183674427960821,0.5256693687054778,4072,0.9997544204322201,0.6641606443350588,6.855249462818457,0.6144808580375091,14,0.01713812365704614
0.44,109.77483291038763,0.5249536063330011,0.4397318134022492,1.1812311514554903,1.5559377502980354,-0.6414644313554483,0.8183674427960821,0.5256693687054778,4072,0.9997544204322201,0.6641606443350588,6.855249462818457,0.6144808580375091,14,0.01713812365704614
0.45,92.4277881746317,0.5018503539941592,0.45356011447264016,1.1260581416172968,1.4563039241708027,-0.6414644313554483,0.7823510228520744,0.5256693687054778,4072,0.9997544204322201,0.6976934875969073,8.040042295506634,0.7206815908300397,16,0.020100105738766586
0.46,89.70753165287422,0.4978777882280683,0.463975871918389,1.1060463978230257,1.4198866361515448,-0.6725607906355444,0.7402718016873875,0.5256693687054778,4072,0.9997544204322201,0.7097696737973488,7.192652573690948,0.6447245062370325,14,0.01798163143422737
0.47,105.45631717922828,0.5195277588505307,0.4686321812129456,1.129585557402081,1.4677800386780349,-0.6725607906355435,0.7724621567064553,0.5256693687054778,4072,0.9997544204322201,0.7098035657666891,7.43267135175749,0.6662389595755117,14,0.018581678379393726
0.48,112.5173774402022,0.5283002461788326,0.46838703887251093,1.142104839315567,1.4889680194338373,-0.6725607906355443,0.7855055684700398,0.5256693687054778,4072,0.9997544204322201,0.7087218758257086,7.488790958387767,0.6712693270657012,14,0.01872197739596942
0.49,97.27192016608967,0.5086708037788814,0.48083066737733793,1.0977987387921018,1.420437761502117,-0.7300161838261867,0.6967938725862459,0.5254237288135594,4072,0.9997544204322201,0.7108104672376752,6.379941986491462,0.571875939358886,12,0.015949854966228656
0.5,127.36147994856373,0.5452288125048068,0.47298487395988537,1.1587796103598937,1.5180907655257592,-0.672560790635544,0.8106758825318774,0.5254237288135594,4072,0.9997544204322201,0.7160114815041972,7.553545987780841,0.6770737439931255,14,0.018883864969452102
0.51,138.3236554732111,0.5566213221127603,0.4895857202309409,1.1515910612079103,1.498416733238207,-0.6725607906355435,0.8276148860637192,0.5256693687054778,4072,0.9997544204322201,0.7546911511794606,8.846648481570321,0.7929829802979291,16,0.022116621203925803
0.52,31.414598026909793,0.3658957924551718,0.3210616664931433,1.1324328402603239,1.5091948049847523,-0.5351445793688114,0.6837325959402148,0.5256693687054778,4072,0.9997544204322201,0.4829239168234451,0.48304254220217824,0.04329826323767069,1,0.0012076063555054456
0.53,31.414598026909793,0.3658957924551718,0.3210616664931433,1.1324328402603239,1.5091948049847523,-0.5351445793688114,0.6837325959402148,0.5256693687054778,4072,0.9997544204322201,0.4829239168234451,0.48304254220217824,0.04329826323767069,1,0.0012076063555054456
0.54,31.414598026909793,0.3658957924551718,0.3210616664931433,1.1324328402603239,1.5091948049847523,-0.5351445793688114,0.6837325959402148,0.5256693687054778,4072,0.9997544204322201,0.4829239168234451,0.48304254220217824,0.04329826323767069,1,0.0012076063555054456
0.55,31.414598026909793,0.3658957924551718,0.3210616664931433,1.1324328402603239,1.5091948049847523,-0.5351445793688114,0.6837325959402148,0.5256693687054778,4072,0.9997544204322201,0.4829239168234451,0.48304254220217824,0.04329826323767069,1,0.0012076063555054456
0.56,31.414598026909793,0.3658957924551718,0.3210616664931433,1.1324328402603239,1.5091948049847523,-0.5351445793688114,0.6837325959402148,0.5256693687054778,4072,0.9997544204322201,0.4829239168234451,0.48304254220217824,0.04329826323767069,1,0.0012076063555054456
0.57,31.414598026909793,0.3658957924551718,0.3210616664931433,1.1324328402603239,1.5091948049847523,-0.5351445793688114,0.6837325959402148,0.5256693687054778,4072,0.9997544204322201,0.4829239168234451,0.48304254220217824,0.04329826323767069,1,0.0012076063555054456
0.58,31.414598026909793,0.3658957924551718,0.3210616664931433,1.1324328402603239,1.5091948049847523,-0.5351445793688114,0.6837325959402148,0.5256693687054778,4072,0.9997544204322201,0.4829239168234451,0.48304254220217824,0.04329826323767069,1,0.0012076063555054456
0.59,31.414598026909793,0.3658957924551718,0.3210616664931433,1.1324328402603239,1.5091948049847523,-0.5351445793688114,0.6837325959402148,0.5256693687054778,4072,0.9997544204322201,0.4829239168234451,0.48304254220217824,0.04329826323767069,1,0.0012076063555054456
0.6,31.414598026909793,0.3658957924551718,0.3210616664931433,1.1324328402603239,1.5091948049847523,-0.5351445793688114,0.6837325959402148,0.5256693687054778,4072,0.9997544204322201,0.4829239168234451,0.48304254220217824,0.04329826323767069,1,0.0012076063555054456
