target,at_the_cap,total_return,cagr,volatility,sharpe,sortino,max_drawdown,calmar,win_rate,days,time_in_market,average_position,turnover_total,turnover_annual,n_position_changes,total_cost
0.1,0.0,0.8324648373131274,0.05587473567909407,0.05917890989107068,0.9484778838967766,1.1407565219903621,-0.1826791096237831,0.30586275460924245,0.5257072570725707,4066,0.999754058042302,0.08566106491031852,0.6914794296084552,0.06207328868841273,3,0.0017286985740211382
0.15,0.0,5.534809690867981,0.18353878642432875,0.20354052611822712,0.9303589149906449,1.1619758624368044,-0.3710353763035419,0.4946665416458207,0.5259532595325953,4066,0.999754058042302,0.30753467561547343,2.9265151491651324,0.2627097957317445,10,0.007316287872912832
0.2,0.0,9.382637303498472,0.23376582417628677,0.2244190471100674,1.0491540356407039,1.2914973974417885,-0.4485899901365765,0.5211124396804196,0.5259532595325953,4066,0.999754058042302,0.3074524577906691,8.692027164260939,0.7802729746569705,27,0.021730067910652344
0.25,0.00024594195769798326,14.522147332684947,0.27911717811594916,0.251766077786568,1.1048154934167917,1.4018850212211993,-0.41144540820091824,0.6783820466885605,0.5257072570725707,4066,0.999754058042302,0.3969031069953123,18.11596774677834,1.6262489492312087,55,0.04528991936694585
0.3,0.011805213969503197,32.43717352087627,0.37033982875291005,0.29578258927152856,1.2141826360979815,1.5913667358924983,-0.5145028273967996,0.7198013480833472,0.5259532595325953,4066,0.999754058042302,0.4817592976755915,19.63804251098398,1.7628837964852808,56,0.04909510627745994
0.35,0.03639940973930152,36.94564543897729,0.3859880817347874,0.3366415369129017,1.1396383528354541,1.4810019957291827,-0.523871574751853,0.736799055985471,0.5254612546125461,4066,0.999754058042302,0.5570865106152791,24.06723319247591,2.1604869934219644,70,0.06016808298118978
0.4,0.08706345302508608,56.48226760312062,0.43863715251734625,0.37387584510661165,1.1604167647798127,1.5625859420914523,-0.5574689449359826,0.7868369287686823,0.5252152521525215,4066,0.999754058042302,0.6268455873185572,31.561566502006283,2.833244410534258,91,0.07890391625501571
0.45,0.19011313330054108,69.90479078164259,0.46599656580169446,0.39921554460300146,1.1590298411248092,1.5467240675059948,-0.6338906844567016,0.7351371099594141,0.5254612546125461,4066,0.999754058042302,0.6589352018689166,25.491033772074076,2.2882998836219963,74,0.06372758443018518
0.5,0.3015248401377275,77.1683608502945,0.4788875377458286,0.43229993002536277,1.1234731656819956,1.480611358279557,-0.6531413085245985,0.733206630013347,0.5254612546125461,4066,0.999754058042302,0.694923336903145,19.791551848693672,1.7766641477553344,57,0.04947887962173419
0.55,0.4087555336940482,107.69456589841553,0.5233088433030701,0.4471072567400843,1.167048406556168,1.5500691253371288,-0.6523566187351155,0.8021821627528481,0.5259532595325953,4066,0.999754058042302,0.7226880669709477,15.761295730598516,1.4148728336616965,46,0.03940323932649629
0.6,0.5049188391539596,80.67977160836688,0.4847326305256374,0.47608998658609886,1.0709832439164533,1.400686705285007,-0.6824063068708511,0.7103284738799689,0.5259532595325953,4066,0.999754058042302,0.7501863396587806,12.757932223252903,1.145264451915226,36,0.031894830558132255
0.65,0.5951795376291196,136.11043387616718,0.5554006849777089,0.4976413729170158,1.1390432000557547,1.517301956443399,-0.7006709873235104,0.7926697337637472,0.5259532595325953,4066,0.999754058042302,0.8000537326307031,15.050932284538689,1.3511043492023171,43,0.037627330711346725
0.7,0.6667486473192327,150.37004534085597,0.5692769696877149,0.5107471336082829,1.1402592745632973,1.5128077972072835,-0.7223621725291705,0.7880769388775356,0.5254612546125461,4066,0.999754058042302,0.7928792593182922,14.201333159738486,1.27483684291799,40,0.03550333289934621
0.75,0.7302016724053123,146.53040940443896,0.565661691610666,0.5249139430760423,1.1194137648876246,1.4813429130842626,-0.7268690021020967,0.7782168313338154,0.5257072570725707,4066,0.999754058042302,0.8182378959434687,9.43985477610608,0.8474045728673681,26,0.0235996369402652
0.8,0.7838170191834727,197.37173464820063,0.607837069468617,0.5486187218985478,1.1426727002549795,1.528036673967368,-0.7400862008739355,0.8213057732340486,0.5257072570725707,4066,0.999754058042302,0.8561950515531217,10.067741396476233,0.9037692104559333,28,0.025169353491190583
0.85,0.8194786030496802,173.23887375593293,0.5892233407451528,0.5436575367555719,1.1258194761226124,1.500594666576878,-0.720808486296776,0.8174478407882589,0.5259532595325953,4066,0.999754058042302,0.8386544879626205,8.402408032965052,0.7542742085667102,22,0.02100602008241263
0.9,0.8499754058042303,147.57111737981637,0.5666499726602572,0.5282621207372612,1.1154334619580188,1.5038726335476738,-0.7211170188901994,0.78579475704558,0.5259532595325953,4066,0.999754058042302,0.81888285710931,3.1110991980297835,0.2792796869849658,8,0.007777747995074458
0.95,0.8713723561239547,174.26812509784045,0.5900638104338836,0.5502664423501813,1.119359104262069,1.514848981743689,-0.7430554602352518,0.7941046691818522,0.5259532595325953,4066,0.999754058042302,0.8570906981811036,2.5482784064930626,0.22875593171912637,6,0.006370696016232656
1.0,0.8922774225282833,167.83116825468522,0.5847318325326527,0.5680098168774624,1.0967926230060778,1.4674738140137062,-0.7539940941335406,0.7755124835620931,0.5259532595325953,4066,0.999754058042302,0.8762442273863249,4.581513809212375,0.41127706354218313,12,0.011453784523030936
1.05,0.9099852434825382,220.48990405652043,0.6238265668658167,0.5856524764451759,1.122449140832294,1.5132072827523535,-0.7568397579532229,0.82425184500465,0.5259532595325953,4066,0.999754058042302,0.9074669224715557,3.374379364399456,0.30291403541706874,8,0.00843594841099864
1.1,0.926955238563699,238.4099562424895,0.6352071431823301,0.5811284635087357,1.138527503546321,1.536120493382515,-0.7492922587391659,0.8477428343530375,0.5259532595325953,4066,0.999754058042302,0.9009864471691048,2.703024068787494,0.24264726638156303,6,0.006757560171968736
1.15,0.941957697983276,252.0409761542405,0.6433557705595356,0.5866462575878424,1.1420888446949986,1.5329903981695592,-0.7551553170317942,0.8519515867123909,0.5259532595325953,4066,0.999754058042302,0.9028192654239119,2.758819970268025,0.24765599831476365,6,0.006897049925670063
1.2,0.9510575504181014,293.617228644987,0.665951585179082,0.6121526166134008,1.1420888446949986,1.5329903981695592,-0.7723691296354701,0.862219319269514,0.5259532595325953,4066,0.999754058042302,0.9420722769640816,2.8787686646275046,0.2584236504154056,6,0.007196921661568762
1.25,0.9604033448106247,334.97114759942673,0.6857110521386882,0.6217449058182374,1.1528501609484647,1.552004468260042,-0.7683572992427394,0.8924377406377165,0.5259532595325953,4066,0.999754058042302,0.9605640739922542,2.8816951450663457,0.2586863570952327,6,0.0072042378626658654
1.3,0.9667978357107723,202.38381276191387,0.6114425444719234,0.5508164919789823,1.144457906603543,1.4844284748587722,-0.7840152990567386,0.7798859859081317,0.5259532595325953,4066,0.999754058042302,0.8026082096688211,2.59272276343921,0.23274564895605301,5,0.006481806908598025
1.35,0.9727004426955238,334.75033989199875,0.6856115686955488,0.6381502369310603,1.1400073918638534,1.5253487561068766,-0.7987974442689509,0.858304659854053,0.5259532595325953,4066,0.999754058042302,0.9768969816290427,2.8722307566716534,0.257836750168508,6,0.007180576891679134
1.4,0.9773733398917855,200.46500435819317,0.6100718914280916,0.5703237823962761,1.1238450472869637,1.4456701069600781,-0.8127383825769375,0.7506374800384666,0.5259532595325953,4066,0.999754058042302,0.8197637490019366,2.584797621799435,0.2320342183858322,5,0.006461994054498587
1.45,0.9813084112149533,203.54871471322653,0.6122689322072208,0.5902442413032681,1.108539014204352,1.4222083342849594,-0.8318705353076483,0.7360146876470233,0.5259532595325953,4066,0.999754058042302,0.846096600270209,3.257013004052344,0.2923781963795144,7,0.00814253251013086
1.5,0.9845056566650271,216.0269908240736,0.6208621074414167,0.5970452515004276,1.1115801489145773,1.4319758906170583,-0.8318705353076482,0.7463446306723739,0.5259532595325953,4066,0.999754058042302,0.8614299619287535,3.1959488546409256,0.28689654007475107,7,0.007989872136602315
1.55,0.9864731923266109,231.36289574650908,0.6308273525036485,0.6039186233695869,1.1158894592939137,1.4441188509266403,-0.8318705353076481,0.7583239527414583,0.5259532595325953,4066,0.999754058042302,0.8769033844249133,2.544162471405136,0.22838644910547823,5,0.006360406178512839
1.6,0.9881947860304968,243.33723654217962,0.6382002985815367,0.6105917382924525,1.1177116834304293,1.4520102842101699,-0.8318705353076481,0.7671870459331909,0.5259532595325953,4066,0.999754058042302,0.892004927996877,2.497199970482721,0.22417068106891125,5,0.006242999926206803
1.65,0.9889326119035907,227.89305726436038,0.6286262225129062,0.6014481654605249,1.115747512755142,1.4411530705384334,-0.8318705353076481,0.7556779520751067,0.5259532595325953,4066,0.999754058042302,0.8691783167673603,1.8268851861390387,0.1639973174964951,3,0.004567212965347596
1.7,0.9913920314805705,239.95075704549348,0.63614910613825,0.6075184107749521,1.118216757172108,1.4496770187211983,-0.8318705353076481,0.7647212867119821,0.5259532595325953,4066,0.999754058042302,0.8830858055954551,1.8216392826887065,0.1635263989624638,3,0.004554098206721766
1.75,0.9931136251844564,252.33511847148145,0.6435271639577442,0.6137075689165225,1.12042000881375,1.4576784692585218,-0.8318705353076481,0.7735905247800976,0.5259532595325953,4066,0.999754058042302,0.8969932944235499,1.8163933792383742,0.1630554804284325,3,0.0045409834480959355
1.8,0.9931136251844564,265.0319748543074,0.6507580965638167,0.6200120788182643,1.122370411970451,1.465168996628188,-0.8318705353076481,0.7822829021383103,0.5259532595325953,4066,0.999754058042302,0.9109007832516446,1.8111474757880421,0.1625845618944012,3,0.004527868689470105
1.85,0.9938514510575505,253.3617145281521,0.6441239338942004,0.6162940014425979,1.1188793505302783,1.4575414062900043,-0.8318705353076481,0.774307907967898,0.5259532595325953,4066,0.999754058042302,0.902323877008094,1.7674754225118254,0.15866417344240438,3,0.004418688556279564
1.9,0.9945892769306444,265.31177739940466,0.6509138791654416,0.622370235864335,1.120614444555075,1.4644500947339325,-0.8318705353076481,0.7824701699822992,0.5259532595325953,4066,0.999754058042302,0.9156236794829009,1.7611909744716043,0.1581000259916713,3,0.004402977436179011
1.95,0.9953271028037384,277.5124582477112,0.6575659007685004,0.6285477833596197,1.1221350849440566,1.4709081100326358,-0.8318705353076481,0.7904666325575708,0.5259532595325953,4066,0.999754058042302,0.9289234819577078,1.7549065264313835,0.15753587854093826,3,0.0043872663160784585
2.0,0.9955730447614363,289.94734774507253,0.6640780734947087,0.6348236862653429,1.12345203842074,1.476927165992674,-0.8318705353076481,0.7982949813808645,0.5259532595325953,4066,0.999754058042302,0.942223284432515,1.7486220783911626,0.15697173109020518,3,0.004371555195977907
